Partipant ID,TrialNum,Vis,TruePercent,ReportedPercent,Error,LogError,errPlus3
Alina,1,Bar Chart,83.69783945,70,13.69783945,3.788982096,6.788982096
test,35,Bar Chart,64.89820115,72,7.10179885,2.853356739,5.853356739
hh,0,Bar Chart,34.78555474,20,14.78555474,3.898262028,6.898262028
test,42,Bar Chart,42.96491798,50,7.03508202,2.839976114,5.839976114
Kai,59,Bar Chart,64.25539478,80,15.74460522,3.988194334,6.988194334
lalala,4,Bar Chart,56.40468616,70,13.59531384,3.778241577,6.778241577
YUCHEN,56,Bar Chart,28.3757498,30,1.6242502,0.806736657,3.806736657
lalala,49,Bar Chart,58.82613371,65,6.17386629,2.655092187,5.655092187
Anna,51,Bar Chart,31.83482979,43,11.16517021,3.496995331,6.496995331
YUCHEN,30,Bar Chart,12.53797994,23,10.46202006,3.404224664,6.404224664
test,57,Bar Chart,9.987246717,15,5.012753283,2.361137613,5.361137613
YUCHEN,52,Bar Chart,44.25960377,54,9.74039623,3.302376996,6.302376996
YUCHEN,6,Bar Chart,74.49797965,65,9.49797965,3.266483678,6.266483678
YUCHEN,55,Bar Chart,68.69555104,78,9.30444896,3.237173465,6.237173465
hh,48,Bar Chart,60.84745341,70,9.15254659,3.213743341,6.213743341
Alina,9,Bar Chart,74.48118131,66,8.48118131,3.105373234,6.105373234
YUCHEN,48,Bar Chart,14.58016117,23,8.41983883,3.095053281,6.095053281
Kai,20,Bar Chart,78.39984606,70,8.39984606,3.091673782,6.091673782
Jason,49,Bar Chart,65.68730389,74,8.31269611,3.076849129,6.076849129
Jason,11,Bar Chart,1.904998599,10,8.095001401,3.03913864,6.03913864
Anna,14,Bar Chart,86.88692622,79,7.88692622,3.002149136,6.002149136
Kai,56,Bar Chart,72.19693382,80,7.80306618,2.986969006,5.986969006
hh,17,Bar Chart,32.26554783,40,7.73445217,2.974428755,5.974428755
YUCHEN,46,Bar Chart,92.70924839,85,7.70924839,2.969794871,5.969794871
test,30,Bar Chart,12.54494072,20,7.45505928,2.922209131,5.922209131
Kai,58,Bar Chart,82.76930853,90,7.23069147,2.878860968,5.878860968
YUCHEN,11,Bar Chart,11.22788094,18,6.77211906,2.785993871,5.785993871
test,19,Bar Chart,46.62436637,40,6.62436637,2.754752068,5.754752068
Jason,52,Bar Chart,53.50766124,60,6.49233876,2.726251137,5.726251137
test,14,Bar Chart,36.33973414,30,6.33973414,2.692591041,5.692591041
Alina,28,Bar Chart,43.66392149,50,6.33607851,2.691775006,5.691775006
hh,14,Bar Chart,96.24776702,90,6.24776702,2.671919919,5.671919919
Alina,11,Bar Chart,31.80934147,38,6.19065853,2.658933171,5.658933171
Anna,43,Bar Chart,86.09635442,80,6.09635442,2.637228696,5.637228696
Jason,45,Bar Chart,29.96527805,36,6.03472195,2.622865229,5.622865229
hh,55,Bar Chart,29.10750825,35,5.89249175,2.589162259,5.589162259
Alina,52,Bar Chart,79.26541039,85,5.73458961,2.550799626,5.550799626
YUCHEN,57,Bar Chart,29.3125221,35,5.6874779,2.539153326,5.539153326
Jason,46,Bar Chart,54.36311097,60,5.63688903,2.526541875,5.526541875
hh,56,Bar Chart,85.56532406,80,5.56532406,2.508510815,5.508510815
Anna,17,Bar Chart,11.56320129,17,5.43679871,2.475551532,5.475551532
Anna,9,Bar Chart,50.60481896,56,5.39518104,2.464715582,5.464715582
Kai,27,Bar Chart,14.94375206,20,5.05624794,2.373299623,5.373299623
lalala,45,Bar Chart,54.95946194,60,5.04053806,2.368918633,5.368918633
test,45,Bar Chart,64.96136095,60,4.96136095,2.346633845,5.346633845
Anna,3,Bar Chart,87.16523924,92,4.83476076,2.310270532,5.310270532
lalala,50,Bar Chart,75.17024228,80,4.82975772,2.308814514,5.308814514
YUCHEN,59,Bar Chart,81.17679225,86,4.82320775,2.306906073,5.306906073
Anna,7,Bar Chart,1.183531531,6,4.816468469,2.304939835,5.304939835
Jason,32,Bar Chart,74.80625867,70,4.80625867,2.301955932,5.301955932
Kai,55,Bar Chart,40.21858763,45,4.78141237,2.294668493,5.294668493
Alina,55,Bar Chart,70.28337955,75,4.71662045,2.275489986,5.275489986
Jason,40,Bar Chart,24.64861966,20,4.64861966,2.255083624,5.255083624
lalala,26,Bar Chart,10.37195837,15,4.62804163,2.248851038,5.248851038
Jason,2,Bar Chart,40.39485556,45,4.60514444,2.241884238,5.241884238
test,56,Bar Chart,99.50102266,95,4.50102266,2.209772333,5.209772333
YUCHEN,31,Bar Chart,83.55362617,88,4.44637383,2.192627802,5.192627802
lalala,21,Bar Chart,80.77904944,85,4.22095056,2.119671762,5.119671762
Jason,55,Bar Chart,59.07938537,55,4.07938537,2.071894911,5.071894911
Anna,39,Bar Chart,96.92570548,93,3.92570548,2.018173193,5.018173193
Alina,32,Bar Chart,89.77889906,86,3.77889906,1.964915751,4.964915751
Anna,24,Bar Chart,80.58764796,77,3.58764796,1.892448523,4.892448523
Jason,59,Bar Chart,26.50186432,30,3.49813568,1.857238833,4.857238833
lalala,48,Bar Chart,4.506850456,8,3.493149544,1.855252038,4.855252038
Kai,29,Bar Chart,41.58375731,45,3.41624269,1.824255719,4.824255719
Alina,35,Bar Chart,9.712517402,13,3.287482598,1.770821689,4.770821689
Alina,44,Bar Chart,99.16384634,96,3.16384634,1.717581605,4.717581605
test,32,Bar Chart,76.85117421,80,3.14882579,1.710977554,4.710977554
test,9,Bar Chart,43.12331952,40,3.12331952,1.69969355,4.69969355
YUCHEN,20,Bar Chart,93.09464259,90,3.09464259,1.686900545,4.686900545
YUCHEN,1,Bar Chart,8.946152832,12,3.053847168,1.668503657,4.668503657
Kai,39,Bar Chart,8.949209877,12,3.050790123,1.667115573,4.667115573
Anna,32,Bar Chart,90.93532484,88,2.93532484,1.613684797,4.613684797
hh,43,Bar Chart,97.92300835,95,2.92300835,1.607866855,4.607866855
Jason,51,Bar Chart,82.86021982,80,2.86021982,1.57783717,4.57783717
Alina,14,Bar Chart,72.16555829,75,2.83444171,1.565325041,4.565325041
Kai,38,Bar Chart,7.212147704,10,2.787852296,1.542432548,4.542432548
lalala,38,Bar Chart,7.232978317,10,2.767021683,1.532078369,4.532078369
hh,54,Bar Chart,82.37839991,85,2.62160009,1.457646867,4.457646867
YUCHEN,58,Bar Chart,25.37947089,28,2.62052911,1.457084208,4.457084208
YUCHEN,24,Bar Chart,80.38495388,83,2.61504612,1.454200177,4.454200177
lalala,43,Bar Chart,37.42930009,40,2.57069991,1.430659902,4.430659902
Anna,40,Bar Chart,35.43132578,38,2.56867422,1.429575378,4.429575378
lalala,54,Bar Chart,87.43475445,90,2.56524555,1.42773786,4.42773786
YUCHEN,35,Bar Chart,65.48331342,68,2.51668658,1.40145931,4.40145931
hh,1,Bar Chart,87.50158719,90,2.49841281,1.391444842,4.391444842
Kai,43,Bar Chart,2.58368188,5,2.41631812,1.345576982,4.345576982
test,20,Bar Chart,27.38281665,25,2.38281665,1.326431875,4.326431875
Alina,48,Bar Chart,16.34169094,14,2.34169094,1.302576967,4.302576967
Alina,24,Bar Chart,55.66982528,58,2.33017472,1.295825696,4.295825696
Kai,41,Bar Chart,47.68881217,50,2.31118783,1.284625369,4.284625369
lalala,9,Bar Chart,35.30566662,33,2.30566662,1.281352033,4.281352033
test,18,Bar Chart,72.25687178,70,2.25687178,1.252095753,4.252095753
Alina,56,Bar Chart,77.76727819,80,2.23272181,1.237393503,4.237393503
lalala,8,Bar Chart,67.78353254,70,2.21646746,1.227412989,4.227412989
Kai,31,Bar Chart,62.20380265,60,2.20380265,1.219588386,4.219588386
YUCHEN,12,Bar Chart,14.81605641,17,2.18394359,1.207232927,4.207232927
lalala,12,Bar Chart,4.835521037,7,2.164478963,1.195019309,4.195019309
Jason,10,Bar Chart,67.84848645,70,2.15151355,1.186826046,4.186826046
Jason,33,Bar Chart,27.85593482,30,2.14406518,1.182098052,4.182098052
YUCHEN,15,Bar Chart,64.87951931,67,2.12048069,1.167024316,4.167024316
lalala,23,Bar Chart,97.09817205,95,2.09817205,1.152619602,4.152619602
hh,16,Bar Chart,67.94531249,70,2.05468751,1.124121318,4.124121318
Kai,51,Bar Chart,82.02145998,80,2.02145998,1.101959274,4.101959274
Jason,25,Bar Chart,34.98340335,33,1.98340335,1.076150889,4.076150889
hh,52,Bar Chart,41.95964429,40,1.95964429,1.059801233,4.059801233
Jason,6,Bar Chart,16.90677575,15,1.90677575,1.022741179,4.022741179
test,52,Bar Chart,98.12207065,100,1.87792935,1.002111533,4.002111533
hh,51,Bar Chart,78.14565888,80,1.85434112,0.985020268,3.985020268
test,37,Bar Chart,86.80198818,85,1.80198818,0.946347722,3.946347722
lalala,22,Bar Chart,13.20869481,15,1.79130519,0.938327342,3.938327342
lalala,10,Bar Chart,11.77031508,10,1.77031508,0.922437704,3.922437704
hh,6,Bar Chart,18.23318603,20,1.76681397,0.919770229,3.919770229
hh,40,Bar Chart,36.76279865,35,1.76279865,0.916704897,3.916704897
Jason,12,Bar Chart,91.75954777,90,1.75954777,0.914218365,3.914218365
Alina,47,Bar Chart,49.73375245,48,1.73375245,0.894334644,3.894334644
test,38,Bar Chart,28.30427431,30,1.69572569,0.864513583,3.864513583
Jason,9,Bar Chart,23.37797211,25,1.62202789,0.80490264,3.80490264
Kai,57,Bar Chart,78.45952145,80,1.54047855,0.735936773,3.735936773
Anna,52,Bar Chart,76.48529998,78,1.51470002,0.713431901,3.713431901
Jason,44,Bar Chart,46.54907183,48,1.45092817,0.656201779,3.656201779
Anna,22,Bar Chart,71.44308231,70,1.44308231,0.64900129,3.64900129
test,47,Bar Chart,73.57723786,75,1.42276214,0.630183775,3.630183775
Alina,40,Bar Chart,53.62867983,55,1.37132017,0.581418904,3.581418904
Kai,34,Bar Chart,68.64465044,70,1.35534956,0.565937885,3.565937885
Alina,5,Bar Chart,1.151193399,2.5,1.348806601,0.55954722,3.55954722
Anna,41,Bar Chart,16.29540894,15,1.29540894,0.506306346,3.506306346
lalala,14,Bar Chart,31.74021914,33,1.25978086,0.469657689,3.469657689
lalala,0,Bar Chart,18.78826756,20,1.21173244,0.418710725,3.418710725
Alina,26,Bar Chart,58.82229991,60,1.17770009,0.381504982,3.381504982
test,31,Bar Chart,93.83206494,95,1.16793506,0.370649815,3.370649815
lalala,3,Bar Chart,18.93565683,20,1.06434317,0.250165047,3.250165047
hh,49,Bar Chart,33.95252903,35,1.04747097,0.229552203,3.229552203
YUCHEN,8,Bar Chart,56.00737619,55,1.00737619,0.17935332,3.17935332
hh,9,Bar Chart,2.052031584,3,0.947968416,0.101607609,3.101607609
hh,44,Bar Chart,95.94235572,95,0.94235572,0.094041066,3.094041066
test,29,Bar Chart,45.92543161,45,0.92543161,0.070982236,3.070982236
Alina,54,Bar Chart,29.11358255,30,0.88641745,0.016378575,3.016378575
Anna,50,Bar Chart,86.12630769,87,0.87369231,-0.001887832,2.998112168
Jason,50,Bar Chart,19.13766168,20,0.86233832,-0.018383574,2.981616426
Jason,4,Bar Chart,60.74787361,60,0.74787361,-0.196155325,2.803844675
test,59,Bar Chart,70.6952063,70,0.6952063,-0.28594127,2.71405873
Alina,46,Bar Chart,52.6882114,52,0.6882114,-0.298297655,2.701702345
hh,41,Bar Chart,4.395715649,5,0.604284351,-0.455446658,2.544553342
Anna,11,Bar Chart,86.60204967,86,0.60204967,-0.459874166,2.540125834
YUCHEN,17,Bar Chart,97.54933194,97,0.54933194,-0.568469162,2.431530838
Kai,3,Bar Chart,94.45635067,95,0.54364933,-0.5806783,2.4193217
Anna,19,Bar Chart,59.51862092,60,0.48137908,-0.721708113,2.278291887
test,43,Bar Chart,70.47523078,70,0.47523078,-0.736410792,2.263589208
Kai,44,Bar Chart,85.32407091,85,0.32407091,-1.154984825,1.845015175
Kai,49,Bar Chart,70.2881193,70,0.2881193,-1.275369634,1.724630366
Anna,21,Bar Chart,54.7295915,55,0.2704085,-1.33858421,1.66141579
Kai,0,Bar Chart,99.25779932,99,0.25779932,-1.385339828,1.614660172
hh,11,Bar Chart,3.240640948,3,0.240640948,-1.451500449,1.548499551
lalala,2,Bar Chart,50.20687224,50,0.20687224,-1.591300137,1.408699863
hh,53,Bar Chart,90.20348454,90,0.20348454,-1.606102623,1.393897377
Anna,37,Bar Chart,84.81664367,85,0.18335633,-1.697329632,1.302670368
Kai,5,Bar Chart,49.15580841,49,0.15580841,-1.832341951,1.167658049
Alina,10,Bar Chart,24.87244039,25,0.12755961,-1.985304157,1.014695843
Anna,36,Bar Chart,50.10648094,50,0.10648094,-2.111034687,0.888965313
Agnes,1,Bar Chart,88.1972292,90,1.8027708,0.946933534,3.946933534
Agnes,5,Bar Chart,24.90884452,28,3.09115548,1.685337153,4.685337153
Agnes,8,Bar Chart,76.203642,80,3.796358,1.971353359,4.971353359
Agnes,11,Bar Chart,40.1945295,35,5.1945295,2.411298648,5.411298648
Agnes,13,Bar Chart,85.45967166,90,4.54032834,2.22197862,5.22197862
Agnes,15,Bar Chart,18.883107,20,1.116893,0.312540878,3.312540878
Agnes,20,Bar Chart,48.73096461,50,1.26903539,0.479267187,3.479267187
Agnes,27,Bar Chart,35.97301314,40,4.02698686,2.053801878,5.053801878
Agnes,30,Bar Chart,28.58166301,35,6.41833699,2.710026573,5.710026573
Agnes,31,Bar Chart,1.886261081,5,3.113738919,1.695432174,4.695432174
Agnes,32,Bar Chart,76.75976074,70,6.75976074,2.783406519,5.783406519
Agnes,33,Bar Chart,12.88796432,15,2.11203568,1.161588267,4.161588267
Agnes,38,Bar Chart,10.18921862,12,1.81078138,0.952916029,3.952916029
Agnes,40,Bar Chart,34.29096978,40,5.70903022,2.544492859,5.544492859
Agnes,42,Bar Chart,19.34969739,20,0.65030261,-0.367168573,2.632831427
Agnes,44,Bar Chart,60.52794636,60,0.52794636,-0.614963617,2.385036383
Agnes,45,Bar Chart,1.765792602,5,3.234207398,1.748120871,4.748120871
Agnes,50,Bar Chart,25.75669968,28,2.24330032,1.243852038,4.243852038
Agnes,52,Bar Chart,69.91338125,75,5.08661875,2.381731549,5.381731549
Agnes,53,Bar Chart,0.59337759,2,1.40662241,0.615060674,3.615060674
L,1,Bar Chart,85.3588955,93,7.6411045,2.95719112,5.95719112
L,3,Bar Chart,67.53053774,58,9.53053774,3.271356609,6.271356609
L,5,Bar Chart,98.81995946,98,0.81995946,-0.081675658,2.918324342
L,10,Bar Chart,25.10754543,31,5.89245457,2.589153345,5.589153345
L,11,Bar Chart,34.00494958,40,5.99505042,2.613543539,5.613543539
L,15,Bar Chart,73.99870458,76,2.00129542,1.088342054,4.088342054
L,18,Bar Chart,14.80257341,15,0.19742659,-1.632957369,1.367042631
L,25,Bar Chart,77.98150749,78,0.01849251,-2.800952662,0.199047338
L,29,Bar Chart,38.52069976,50,11.47930024,3.536587623,6.536587623
L,31,Bar Chart,16.97320721,25,8.02679279,3.02711738,6.02711738
L,33,Bar Chart,0.518735896,3,2.481264104,1.381983286,4.381983286
L,39,Bar Chart,74.8234498,78,3.1765502,1.723143582,4.723143582
L,45,Bar Chart,45.24513855,48,2.75486145,1.525999405,4.525999405
L,46,Bar Chart,34.38846992,40,5.61153008,2.520178341,5.520178341
L,48,Bar Chart,28.6773227,35,6.3226773,2.68877954,5.68877954
L,51,Bar Chart,65.63343332,69,3.36656668,1.803874525,4.803874525
L,52,Bar Chart,88.34971924,87,1.34971924,0.560440317,3.560440317
L,57,Bar Chart,82.75734326,85,2.24265674,1.243459936,4.243459936
L,58,Bar Chart,11.19676677,16,4.80323323,2.301070534,5.301070534
L,59,Bar Chart,86.80157274,85,1.80157274,0.946036658,3.946036658
lalala,6,oScatter Plot,73.16341062,90,16.83658938,4.084199458,7.084199458
Alina,41,oScatter Plot,25.42183465,40,14.57816535,3.878054872,6.878054872
lalala,37,oScatter Plot,76.43478328,90,13.56521672,3.77507338,6.77507338
YUCHEN,53,oScatter Plot,74.58149053,88,13.41850947,3.759529721,6.759529721
YUCHEN,25,oScatter Plot,77.51514783,90,12.48485217,3.656479457,6.656479457
test,25,oScatter Plot,82.04159136,70,12.04159136,3.604853128,6.604853128
test,28,oScatter Plot,71.89063866,60,11.89063866,3.586841428,6.586841428
Anna,27,oScatter Plot,23.29552467,35,11.70447533,3.564314182,6.564314182
lalala,47,oScatter Plot,51.70171872,40,11.70171872,3.563977954,6.563977954
lalala,53,oScatter Plot,58.32042671,70,11.67957329,3.561273987,6.561273987
Jason,23,oScatter Plot,46.67954368,35,11.67954368,3.561270368,6.561270368
Alina,33,oScatter Plot,66.43098446,55,11.43098446,3.530568264,6.530568264
YUCHEN,19,oScatter Plot,67.00709211,56,11.00709211,3.476652846,6.476652846
lalala,20,oScatter Plot,50.94466065,40,10.94466065,3.468539091,6.468539091
lalala,42,oScatter Plot,79.18748745,90,10.81251255,3.451212767,6.451212767
Anna,6,oScatter Plot,79.54287054,90,10.45712946,3.403558068,6.403558068
Anna,13,oScatter Plot,77.97440695,88,10.02559305,3.343492114,6.343492114
hh,24,oScatter Plot,70.04092821,80,9.95907179,3.334006389,6.334006389
Anna,48,oScatter Plot,30.23896896,40,9.76103104,3.305391436,6.305391436
YUCHEN,50,oScatter Plot,83.40592593,93,9.59407407,3.280818876,6.280818876
YUCHEN,49,oScatter Plot,23.52708299,33,9.47291701,3.262721339,6.262721339
Anna,8,oScatter Plot,40.79167964,50,9.20832036,3.222390416,6.222390416
YUCHEN,26,oScatter Plot,19.82156041,29,9.17843959,3.217764196,6.217764196
hh,7,oScatter Plot,71.57725955,80,8.42274045,3.095543102,6.095543102
hh,45,oScatter Plot,43.38178679,35,8.38178679,3.088614296,6.088614296
YUCHEN,45,oScatter Plot,61.38849685,69,7.61150315,2.951681625,5.951681625
lalala,51,oScatter Plot,97.57219041,90,7.57219041,2.944331937,5.944331937
Kai,37,oScatter Plot,87.62528438,95,7.37471562,2.906835891,5.906835891
Alina,37,oScatter Plot,77.31988946,70,7.31988946,2.896250428,5.896250428
Kai,48,oScatter Plot,57.70135657,65,7.29864343,2.892127417,5.892127417
hh,50,oScatter Plot,72.75484463,80,7.24515537,2.881695033,5.881695033
Alina,3,oScatter Plot,31.72871778,25,6.72871778,2.776886786,5.776886786
Jason,15,oScatter Plot,13.53984083,20,6.46015917,2.719218312,5.719218312
Kai,15,oScatter Plot,76.35750673,70,6.35750673,2.696551799,5.696551799
Kai,9,oScatter Plot,66.32513908,60,6.32513908,2.689330269,5.689330269
Alina,0,oScatter Plot,39.24990341,33,6.24990341,2.672403483,5.672403483
Jason,43,oScatter Plot,3.759504966,10,6.240495034,2.670272714,5.670272714
YUCHEN,21,oScatter Plot,29.11216484,23,6.11216484,2.640890388,5.640890388
Anna,35,oScatter Plot,81.89208545,88,6.10791455,2.639906934,5.639906934
Anna,28,oScatter Plot,59.9165284,66,6.0834716,2.63423815,5.63423815
Kai,35,oScatter Plot,75.82537141,70,5.82537141,2.572979721,5.572979721
test,16,oScatter Plot,4.192810073,10,5.807189927,2.568564788,5.568564788
YUCHEN,2,oScatter Plot,67.20501572,73,5.79498428,2.565593345,5.565593345
Alina,4,oScatter Plot,60.75136103,55,5.75136103,2.554923034,5.554923034
lalala,57,oScatter Plot,35.56698462,30,5.56698462,2.508931764,5.508931764
hh,4,oScatter Plot,44.45772006,50,5.54227994,2.502656467,5.502656467
Anna,45,oScatter Plot,83.46344825,89,5.53655175,2.501197529,5.501197529
test,34,oScatter Plot,54.484766,60,5.515234,2.495755018,5.495755018
hh,31,oScatter Plot,6.400100184,1,5.400100184,2.466000624,5.466000624
Jason,36,oScatter Plot,89.64687072,95,5.35312928,2.453683313,5.453683313
hh,29,oScatter Plot,89.7809916,95,5.2190084,2.417922276,5.417922276
Jason,21,oScatter Plot,15.17040676,10,5.17040676,2.404741507,5.404741507
test,7,oScatter Plot,90.12654125,85,5.12654125,2.392740895,5.392740895
Anna,38,oScatter Plot,27.11648641,22,5.11648641,2.389975997,5.389975997
YUCHEN,18,oScatter Plot,90.09187542,95,4.90812458,2.331454308,5.331454308
YUCHEN,54,oScatter Plot,40.22746431,45,4.77253569,2.292056006,5.292056006
hh,26,oScatter Plot,35.22764583,40,4.77235417,2.292002534,5.292002534
lalala,27,oScatter Plot,34.74640526,30,4.74640526,2.284338008,5.284338008
Jason,17,oScatter Plot,74.74566545,70,4.74566545,2.284118893,5.284118893
test,39,oScatter Plot,74.67833826,70,4.67833826,2.264037409,5.264037409
Alina,12,oScatter Plot,85.34689022,90,4.65310978,2.256440001,5.256440001
Anna,26,oScatter Plot,44.59737008,40,4.59737008,2.239511106,5.239511106
hh,58,oScatter Plot,80.47201345,85,4.52798655,2.218157017,5.218157017
test,53,oScatter Plot,65.47274533,70,4.52725467,2.217930074,5.217930074
test,1,oScatter Plot,10.49407628,15,4.50592372,2.211299993,5.211299993
lalala,25,oScatter Plot,94.45700838,90,4.45700838,2.195980097,5.195980097
YUCHEN,7,oScatter Plot,54.45275763,50,4.45275763,2.194641081,5.194641081
Kai,46,oScatter Plot,91.6006647,96,4.3993353,2.177705852,5.177705852
test,44,oScatter Plot,45.67427812,50,4.32572188,2.154039351,5.154039351
Alina,15,oScatter Plot,17.77058812,22,4.22941188,2.122477877,5.122477877
lalala,30,oScatter Plot,74.10052392,70,4.10052392,2.079130231,5.079130231
test,36,oScatter Plot,74.01282406,70,4.01282406,2.048872303,5.048872303
test,26,oScatter Plot,8.928105813,5,3.928105813,2.01902784,5.01902784
hh,59,oScatter Plot,28.71422587,25,3.71422587,1.94081544,4.94081544
Jason,27,oScatter Plot,33.6607898,30,3.6607898,1.92059431,4.92059431
lalala,58,oScatter Plot,13.55048051,10,3.55048051,1.877932871,4.877932871
Jason,41,oScatter Plot,61.47079387,65,3.52920613,1.869558017,4.869558017
test,8,oScatter Plot,16.51157411,20,3.48842589,1.853367305,4.853367305
YUCHEN,41,oScatter Plot,76.52854245,80,3.47145755,1.846576576,4.846576576
lalala,7,oScatter Plot,41.54787181,45,3.45212819,1.83880182,4.83880182
Jason,20,oScatter Plot,81.66207889,85,3.33792111,1.791989521,4.791989521
YUCHEN,38,oScatter Plot,24.80191507,28,3.19808493,1.732523165,4.732523165
Kai,45,oScatter Plot,91.8236661,95,3.1763339,1.723049061,4.723049061
Kai,12,oScatter Plot,83.14466573,80,3.14466573,1.709143151,4.709143151
Kai,53,oScatter Plot,91.86361416,95,3.13638584,1.70548513,4.70548513
Jason,22,oScatter Plot,22.018112,25,2.981888,1.635470235,4.635470235
lalala,1,oScatter Plot,32.95324959,30,2.95324959,1.622110213,4.622110213
lalala,31,oScatter Plot,52.94883724,50,2.94883724,1.620040776,4.620040776
test,4,oScatter Plot,22.88486205,20,2.88486205,1.589697366,4.589697366
Alina,43,oScatter Plot,83.17497841,86,2.82502159,1.560725513,4.560725513
YUCHEN,47,oScatter Plot,96.25499223,99,2.74500777,1.521054643,4.521054643
test,6,oScatter Plot,7.322261966,10,2.677738034,1.486836905,4.486836905
Alina,8,oScatter Plot,57.62983623,55,2.62983623,1.461966556,4.461966556
hh,10,oScatter Plot,42.56853096,40,2.56853096,1.429498648,4.429498648
hh,42,oScatter Plot,17.5617113,15,2.5617113,1.425841305,4.425841305
Kai,25,oScatter Plot,92.50720364,95,2.49279636,1.388352874,4.388352874
Kai,16,oScatter Plot,17.53095092,20,2.46904908,1.375205776,4.375205776
test,48,oScatter Plot,17.55896402,20,2.44103598,1.3595414,4.3595414
YUCHEN,51,oScatter Plot,42.6016369,45,2.3983631,1.335347818,4.335347818
YUCHEN,40,oScatter Plot,20.64655623,23,2.35344377,1.309434528,4.309434528
lalala,19,oScatter Plot,92.31712806,90,2.31712806,1.288138854,4.288138854
Jason,39,oScatter Plot,12.30296535,10,2.30296535,1.279747833,4.279747833
Jason,1,oScatter Plot,27.27015159,25,2.27015159,1.260116968,4.260116968
hh,19,oScatter Plot,47.78684386,50,2.21315614,1.225371275,4.225371275
hh,46,oScatter Plot,57.82094779,60,2.17905221,1.204173409,4.204173409
Jason,38,oScatter Plot,93.99298327,96,2.00701673,1.092218759,4.092218759
Kai,50,oScatter Plot,21.99009569,20,1.99009569,1.080722934,4.080722934
Kai,33,oScatter Plot,51.96220656,50,1.96220656,1.061573384,4.061573384
Anna,20,oScatter Plot,51.86058653,50,1.86058653,0.989565234,3.989565234
hh,25,oScatter Plot,16.8052627,15,1.8052627,0.948797205,3.948797205
Alina,51,oScatter Plot,33.22107828,35,1.77892172,0.928974163,3.928974163
Jason,48,oScatter Plot,6.226009895,8,1.773990105,0.925232388,3.925232388
Anna,10,oScatter Plot,18.75106778,17,1.75106778,0.907711952,3.907711952
Kai,54,oScatter Plot,43.28523392,45,1.71476608,0.879522344,3.879522344
Anna,31,oScatter Plot,33.711022,32,1.711022,0.876583346,3.876583346
test,40,oScatter Plot,28.30109585,30,1.69890415,0.867029915,3.867029915
test,3,oScatter Plot,96.64875106,95,1.64875106,0.826803546,3.826803546
Kai,40,oScatter Plot,21.62399691,20,1.62399691,0.80652774,3.80652774
Jason,0,oScatter Plot,18.3901106,20,1.6098894,0.794843693,3.794843693
YUCHEN,44,oScatter Plot,78.49774813,80,1.50225187,0.702437572,3.702437572
Kai,32,oScatter Plot,1.499207967,0,1.499207967,0.69973637,3.69973637
Kai,19,oScatter Plot,13.50175337,15,1.49824663,0.698882214,3.698882214
Anna,58,oScatter Plot,21.48994724,20,1.48994724,0.691487033,3.691487033
Kai,13,oScatter Plot,56.37942952,55,1.37942952,0.58921652,3.58921652
Alina,31,oScatter Plot,14.37644688,13,1.37644688,0.586353434,3.586353434
hh,2,oScatter Plot,48.63331454,50,1.36668546,0.576943358,3.576943358
lalala,46,oScatter Plot,51.34498019,50,1.34498019,0.555796713,3.555796713
Alina,21,oScatter Plot,18.32850852,17,1.32850852,0.539539528,3.539539528
Alina,6,oScatter Plot,61.32424039,60,1.32424039,0.535296919,3.535296919
test,33,oScatter Plot,51.24512767,50,1.24512767,0.454310331,3.454310331
Kai,47,oScatter Plot,78.80680778,80,1.19319222,0.398560761,3.398560761
Anna,0,oScatter Plot,3.829557583,5,1.170442417,0.373444888,3.373444888
Anna,46,oScatter Plot,26.10233703,25,1.10233703,0.295531471,3.295531471
lalala,36,oScatter Plot,79.0476286,80,0.9523714,0.107515673,3.107515673
Anna,53,oScatter Plot,40.82293603,40,0.82293603,-0.077138391,2.922861609
lalala,17,oScatter Plot,89.19358328,90,0.80641672,-0.102501314,2.897498686
Alina,25,oScatter Plot,48.7781087,48,0.7781087,-0.147028451,2.852971549
hh,57,oScatter Plot,85.76206339,85,0.76206339,-0.172890891,2.827109109
hh,47,oScatter Plot,90.75725414,90,0.75725414,-0.1807338,2.8192662
Alina,2,oScatter Plot,95.7442174,95,0.7442174,-0.20221104,2.79778896
Alina,50,oScatter Plot,46.69485332,46,0.69485332,-0.286562275,2.713437725
Anna,33,oScatter Plot,2.415930269,3,0.584069731,-0.496000584,2.503999416
Jason,13,oScatter Plot,77.47666192,78,0.52333808,-0.625181783,2.374818217
Alina,17,oScatter Plot,54.59717641,55,0.40282359,-0.921872264,2.078127736
Jason,42,oScatter Plot,20.39396875,20,0.39396875,-0.946280426,2.053719574
Alina,36,oScatter Plot,39.63848721,40,0.36151279,-1.039450362,1.960549638
Kai,52,oScatter Plot,2.672828912,3,0.327171088,-1.145059346,1.854940654
test,49,oScatter Plot,79.72217479,80,0.27782521,-1.311774121,1.688225879
hh,13,oScatter Plot,49.75922778,50,0.24077222,-1.450982587,1.549017413
Anna,34,oScatter Plot,18.23631726,18,0.23631726,-1.468661921,1.531338079
hh,22,oScatter Plot,10.20238999,10,0.20238999,-1.610917883,1.389082117
test,54,oScatter Plot,59.81527651,60,0.18472349,-1.690947291,1.309052709
YUCHEN,37,oScatter Plot,5.819095955,6,0.180904045,-1.708848911,1.291151089
Jason,8,oScatter Plot,94.82083721,95,0.17916279,-1.717084424,1.282915576
lalala,33,oScatter Plot,96.16246671,96,0.16246671,-1.7985332,1.2014668
YUCHEN,13,oScatter Plot,11.89688971,12,0.10311029,-2.132196567,0.867803433
Anna,15,oScatter Plot,49.94459111,50,0.05540889,-2.470657663,0.529342337
Jason,5,oScatter Plot,39.96130122,40,0.03869878,-2.610884525,0.389115475
Jason,18,oScatter Plot,47.97377506,48,0.02622494,-2.725232007,0.274767993
Alina,20,oScatter Plot,96.00489301,96,0.00489301,-2.944604299,0.055395701
Agnes,0,oScatter Plot,20.98015806,20,0.98015806,0.144252719,3.144252719
Agnes,2,oScatter Plot,7.700604692,8,0.299395308,-1.236519389,1.763480611
Agnes,4,oScatter Plot,61.02781218,60,1.02781218,0.205157483,3.205157483
Agnes,7,oScatter Plot,53.78719515,53,0.78719515,-0.132585595,2.867414405
Agnes,9,oScatter Plot,64.15645508,75,10.84354492,3.455300246,6.455300246
Agnes,18,oScatter Plot,30.63964488,28,2.63964488,1.467094177,4.467094177
Agnes,19,oScatter Plot,75.46311269,80,4.53688731,2.220914131,5.220914131
Agnes,23,oScatter Plot,33.63273276,33,0.63273276,-0.400238972,2.599761028
Agnes,26,oScatter Plot,54.42921244,55,0.57078756,-0.52328121,2.47671879
Agnes,29,oScatter Plot,42.37487832,40,2.37487832,1.321857874,4.321857874
Agnes,35,oScatter Plot,11.49540015,10,1.49540015,0.696350124,3.696350124
Agnes,37,oScatter Plot,49.69831477,50,0.30168523,-1.228755923,1.771244077
Agnes,39,oScatter Plot,23.186986,20,3.186986,1.727696574,4.727696574
Agnes,43,oScatter Plot,92.79144753,96,3.20855247,1.737060435,4.737060435
Agnes,46,oScatter Plot,21.54881643,20,1.54881643,0.743141314,3.743141314
Agnes,47,oScatter Plot,80.12127379,85,4.87872621,2.323002851,5.323002851
Agnes,48,oScatter Plot,67.16236723,75,7.83763277,2.993245523,5.993245523
Agnes,51,oScatter Plot,28.79437706,31,2.20562294,1.220715617,4.220715617
Agnes,57,oScatter Plot,8.949090974,12,3.050909026,1.667169587,4.667169587
Agnes,58,oScatter Plot,47.05096976,50,2.94903024,1.620131357,4.620131357
L,0,oScatter Plot,95.33411919,97,1.66588081,0.840669324,3.840669324
L,4,oScatter Plot,24.18656584,16,8.18656584,3.055120296,6.055120296
L,9,oScatter Plot,94.31695753,93,1.31695753,0.528028673,3.528028673
L,12,oScatter Plot,21.12554897,24,2.87445103,1.584698478,4.584698478
L,14,oScatter Plot,97.02226068,98,0.97773932,0.141091788,3.141091788
L,16,oScatter Plot,81.59281002,83,1.40718998,0.615595192,3.615595192
L,17,oScatter Plot,41.70236487,43,1.29763513,0.508565694,3.508565694
L,19,oScatter Plot,93.02389819,95,1.97610181,1.07114607,4.07114607
L,20,oScatter Plot,45.0040613,49,3.9959387,2.042973003,5.042973003
L,22,oScatter Plot,47.98333696,58,10.01666304,3.342222341,6.342222341
L,23,oScatter Plot,10.65220181,13,2.34779819,1.306144503,4.306144503
L,27,oScatter Plot,80.81174767,87,6.18825233,2.658383414,5.658383414
L,28,oScatter Plot,61.60324446,75,13.39675554,3.757210565,6.757210565
L,30,oScatter Plot,88.8554945,90,1.1445055,0.344266645,3.344266645
L,32,oScatter Plot,42.43404981,43,0.56595019,-0.533346383,2.466653617
L,37,oScatter Plot,2.120251502,5,2.879748498,1.58724424,4.58724424
L,38,oScatter Plot,54.36492073,60,5.63507927,2.526088666,5.526088666
L,40,oScatter Plot,30.55570186,38,7.44429814,2.920159533,5.920159533
L,44,oScatter Plot,43.26078129,51,7.73921871,2.975303445,5.975303445
L,47,oScatter Plot,78.48196451,85,6.51803549,2.731842622,5.731842622
lalala,34,Pie Chart,60.83826359,55,5.83826359,2.576102109,5.576102109
Alina,30,Pie Chart,96.81370766,47,49.81370766,5.642086582,8.642086582
YUCHEN,33,Pie Chart,36.91433202,30,6.91433202,2.815438534,5.815438534
test,5,Pie Chart,56.87470444,30,26.87470444,4.754871709,7.754871709
test,12,Pie Chart,66.64122405,40,26.64122405,4.742341725,7.742341725
lalala,55,Pie Chart,43.79700306,70,26.20299694,4.718525859,7.718525859
Alina,16,Pie Chart,50.46208441,75,24.53791559,4.624271457,7.624271457
YUCHEN,42,Pie Chart,62.12342939,85,22.87657061,4.523660471,7.523660471
Anna,30,Pie Chart,78.59815548,58,20.59815548,4.373171791,7.373171791
lalala,52,Pie Chart,59.58154427,80,20.41845573,4.360606981,7.360606981
YUCHEN,28,Pie Chart,59.82148812,40,19.82148812,4.318062855,7.318062855
hh,37,Pie Chart,62.89747262,80,17.10252738,4.106643745,7.106643745
YUCHEN,34,Pie Chart,59.47241177,76,16.52758823,4.057674521,7.057674521
Anna,55,Pie Chart,18.8997172,35,16.1002828,4.020171719,7.020171719
hh,33,Pie Chart,63.95415433,80,16.04584567,4.015323223,7.015323223
YUCHEN,16,Pie Chart,50.02935983,34,16.02935983,4.013851675,7.013851675
lalala,59,Pie Chart,84.26311914,100,15.73688086,3.987491947,6.987491947
Jason,3,Pie Chart,64.39287573,80,15.60712427,3.975641582,6.975641582
hh,21,Pie Chart,54.63273183,70,15.36726817,3.953476475,6.953476475
Kai,1,Pie Chart,74.60131267,60,14.60131267,3.880324333,6.880324333
hh,34,Pie Chart,44.52984125,30,14.52984125,3.873305435,6.873305435
YUCHEN,4,Pie Chart,37.02538966,23,14.02538966,3.822769876,6.822769876
test,41,Pie Chart,16.03070999,30,13.96929001,3.8170389,6.8170389
Anna,57,Pie Chart,81.56884785,95,13.43115215,3.760875829,6.760875829
lalala,40,Pie Chart,37.48365595,50,12.51634405,3.660077956,6.660077956
lalala,44,Pie Chart,87.65934271,100,12.34065729,3.63988705,6.63988705
Kai,24,Pie Chart,32.14982442,20,12.14982442,3.617630483,6.617630483
Anna,4,Pie Chart,84.95533533,97,12.04466467,3.605217511,6.605217511
hh,15,Pie Chart,58.32411122,70,11.67588878,3.560823615,6.560823615
Kai,14,Pie Chart,46.61134156,35,11.61134156,3.552910858,6.552910858
Anna,5,Pie Chart,53.50288488,65,11.49711512,3.538800745,6.538800745
test,23,Pie Chart,88.90082666,100,11.09917334,3.488537289,6.488537289
Alina,53,Pie Chart,59.01239969,70,10.98760031,3.474124537,6.474124537
test,15,Pie Chart,40.97905834,30,10.97905834,3.473015148,6.473015148
Anna,42,Pie Chart,23.95159466,13,10.95159466,3.469442509,6.469442509
test,10,Pie Chart,80.22736545,70,10.22736545,3.371888547,6.371888547
lalala,39,Pie Chart,99.06880634,89,10.06880634,3.349620945,6.349620945
Kai,7,Pie Chart,34.69355617,25,9.69355617,3.29551089,6.29551089
Jason,19,Pie Chart,80.35576892,90,9.64423108,3.288245015,6.288245015
hh,38,Pie Chart,89.53004131,80,9.53004131,3.271282432,6.271282432
hh,18,Pie Chart,59.45161579,50,9.45161579,3.259515923,6.259515923
Alina,57,Pie Chart,55.73712159,65,9.26287841,3.230799156,6.230799156
Alina,7,Pie Chart,23.07211631,14,9.07211631,3.201181585,6.201181585
YUCHEN,3,Pie Chart,79.9537069,89,9.0462931,3.19712516,6.19712516
Alina,34,Pie Chart,41.26434349,33,8.26434349,3.068557917,6.068557917
Jason,26,Pie Chart,58.26370754,50,8.26370754,3.06844855,6.06844855
lalala,18,Pie Chart,98.2352591,90,8.2352591,3.063547655,6.063547655
Anna,25,Pie Chart,48.14924579,40,8.14924579,3.048627814,6.048627814
hh,3,Pie Chart,22.99910837,15,7.99910837,3.022209484,6.022209484
hh,32,Pie Chart,42.61657184,50,7.38342816,2.908510921,5.908510921
hh,8,Pie Chart,72.62212498,80,7.37787502,2.907443527,5.907443527
test,21,Pie Chart,57.36666928,50,7.36666928,2.905287213,5.905287213
lalala,5,Pie Chart,22.66784529,30,7.33215471,2.898625273,5.898625273
Kai,26,Pie Chart,17.29388027,10,7.29388027,2.891201458,5.891201458
test,17,Pie Chart,92.79676523,100,7.20323477,2.873465723,5.873465723
YUCHEN,32,Pie Chart,32.95979239,26,6.95979239,2.824725578,5.824725578
YUCHEN,29,Pie Chart,87.07931255,94,6.92068745,2.816740478,5.816740478
hh,12,Pie Chart,96.89304646,90,6.89304646,2.811069499,5.811069499
test,55,Pie Chart,33.10975536,40,6.89024464,2.810493415,5.810493415
Alina,58,Pie Chart,39.71113648,33,6.71113648,2.7731812,5.7731812
YUCHEN,0,Pie Chart,36.59812618,30,6.59812618,2.749132226,5.749132226
Jason,37,Pie Chart,76.52474403,70,6.52474403,2.733298808,5.733298808
Kai,30,Pie Chart,26.43325076,20,6.43325076,2.713311065,5.713311065
test,27,Pie Chart,56.32414116,50,6.32414116,2.689107048,5.689107048
Alina,39,Pie Chart,78.71471453,85,6.28528547,2.680388606,5.680388606
Kai,22,Pie Chart,21.27728458,15,6.27728458,2.678586806,5.678586806
lalala,24,Pie Chart,13.90450285,20,6.09549715,2.637029887,5.637029887
Jason,58,Pie Chart,35.85417454,30,5.85417454,2.579946326,5.579946326
YUCHEN,39,Pie Chart,44.81940563,39,5.81940563,2.571532565,5.571532565
Kai,28,Pie Chart,15.77142329,10,5.77142329,2.559840096,5.559840096
Jason,14,Pie Chart,54.28405039,60,5.71594961,2.546202939,5.546202939
lalala,11,Pie Chart,30.71213812,25,5.71213812,2.545261206,5.545261206
lalala,56,Pie Chart,35.59392144,30,5.59392144,2.515743088,5.515743088
Jason,34,Pie Chart,15.58482778,10,5.58482778,2.513447232,5.513447232
test,22,Pie Chart,44.4363771,50,5.5636229,2.508079448,5.508079448
test,2,Pie Chart,64.51937954,70,5.48062046,2.486874067,5.486874067
YUCHEN,36,Pie Chart,28.61330228,34,5.38669772,2.462496768,5.462496768
test,50,Pie Chart,24.73273486,30,5.26726514,2.430891436,5.430891436
Anna,49,Pie Chart,72.96802603,78,5.03197397,2.366524764,5.366524764
Kai,8,Pie Chart,14.97726846,10,4.97726846,2.35113881,5.35113881
Anna,54,Pie Chart,24.87172064,20,4.87172064,2.320981561,5.320981561
YUCHEN,23,Pie Chart,75.14524463,80,4.85475537,2.316074872,5.316074872
test,51,Pie Chart,84.83009493,80,4.83009493,2.308912697,5.308912697
test,58,Pie Chart,95.21657368,100,4.78342632,2.295260559,5.295260559
Kai,4,Pie Chart,29.73467427,25,4.73467427,2.280859617,5.280859617
Jason,54,Pie Chart,14.68496219,10,4.68496219,2.266025553,5.266025553
lalala,41,Pie Chart,84.6770973,80,4.6770973,2.263664636,5.263664636
Jason,16,Pie Chart,75.78964407,80,4.21035593,2.116150443,5.116150443
Kai,42,Pie Chart,19.16285494,15,4.16285494,2.1002561,5.1002561
Anna,1,Pie Chart,45.04723947,41,4.04723947,2.060821965,5.060821965
lalala,13,Pie Chart,10.97228362,15,4.02771638,2.054055343,5.054055343
hh,36,Pie Chart,6.013411245,10,3.986588755,2.039695972,5.039695972
Jason,28,Pie Chart,48.97158162,45,3.97158162,2.034420559,5.034420559
Jason,57,Pie Chart,84.05582602,88,3.94417398,2.024735965,5.024735965
hh,20,Pie Chart,6.112538114,10,3.887461886,2.004487688,5.004487688
Kai,23,Pie Chart,33.84011019,30,3.84011019,1.987360959,4.987360959
Kai,11,Pie Chart,81.19398965,85,3.80601035,1.974900162,4.974900162
Kai,17,Pie Chart,53.7077714,50,3.7077714,1.938387953,4.938387953
lalala,28,Pie Chart,61.37801127,65,3.62198873,1.905731638,4.905731638
test,11,Pie Chart,33.56321372,30,3.56321372,1.882922258,4.882922258
Jason,7,Pie Chart,81.55375262,85,3.44624738,1.836428073,4.836428073
YUCHEN,43,Pie Chart,29.43083462,26,3.43083462,1.830188227,4.830188227
test,24,Pie Chart,1.58380975,5,3.41619025,1.824234354,4.824234354
Jason,56,Pie Chart,86.60655597,90,3.39344403,1.814937563,4.814937563
YUCHEN,9,Pie Chart,92.23914869,89,3.23914869,1.750241472,4.750241472
hh,35,Pie Chart,13.23714829,10,3.23714829,1.749383357,4.749383357
Alina,13,Pie Chart,88.16362277,85,3.16362277,1.71748353,4.71748353
test,13,Pie Chart,56.89847377,60,3.10152623,1.689981754,4.689981754
Jason,31,Pie Chart,46.99553933,50,3.00446067,1.645914045,4.645914045
Kai,21,Pie Chart,45.07255779,48,2.92744221,1.609963982,4.609963982
Kai,18,Pie Chart,42.08015997,45,2.91984003,1.606366434,4.606366434
hh,5,Pie Chart,87.08677973,90,2.91322027,1.603226469,4.603226469
Jason,30,Pie Chart,95.08821459,98,2.91178541,1.602544966,4.602544966
hh,27,Pie Chart,12.84068121,10,2.84068121,1.568363526,4.568363526
Alina,23,Pie Chart,57.82972037,55,2.82972037,1.563021603,4.563021603
Anna,44,Pie Chart,47.64329864,45,2.64329864,1.468999587,4.468999587
hh,23,Pie Chart,92.6249797,90,2.6249797,1.459420969,4.459420969
Alina,18,Pie Chart,95.37746702,98,2.62253298,1.458136799,4.458136799
hh,30,Pie Chart,7.555530732,5,2.555530732,1.422518676,4.422518676
Jason,24,Pie Chart,22.34450409,20,2.34450409,1.304221358,4.304221358
Anna,2,Pie Chart,88.68439772,91,2.31560228,1.287237213,4.287237213
lalala,15,Pie Chart,32.25424051,30,2.25424051,1.250501117,4.250501117
Anna,12,Pie Chart,24.24705397,22,2.24705397,1.246136835,4.246136835
Jason,53,Pie Chart,32.16948034,30,2.16948034,1.198167445,4.198167445
Alina,19,Pie Chart,19.93316393,22,2.06683607,1.132139901,4.132139901
Jason,47,Pie Chart,43.19231303,45,1.80768697,0.950607989,3.950607989
Kai,36,Pie Chart,96.76424015,95,1.76424015,0.917806101,3.917806101
lalala,29,Pie Chart,98.24167626,100,1.75832374,0.913281018,3.913281018
Alina,45,Pie Chart,10.31850515,12,1.68149485,0.853193142,3.853193142
test,46,Pie Chart,98.377758,100,1.622242,0.805079441,3.805079441
Anna,56,Pie Chart,39.53941792,38,1.53941792,0.735017726,3.735017726
lalala,32,Pie Chart,48.5442046,50,1.4557954,0.660650654,3.660650654
Jason,29,Pie Chart,6.560461165,8,1.439538835,0.64573747,3.64573747
YUCHEN,22,Pie Chart,94.56267787,96,1.43732213,0.643691949,3.643691949
Alina,29,Pie Chart,43.68146649,45,1.31853351,0.529604598,3.529604598
Jason,35,Pie Chart,48.71600068,50,1.28399932,0.494670915,3.494670915
Alina,27,Pie Chart,91.24574161,90,1.24574161,0.454956643,3.454956643
Alina,22,Pie Chart,86.14179955,85,1.14179955,0.34118826,3.34118826
Alina,49,Pie Chart,8.090586742,9,0.909413258,0.048812671,3.048812671
Kai,6,Pie Chart,14.09296731,15,0.90703269,0.045488669,3.045488669
Alina,38,Pie Chart,33.88765296,33,0.88765296,0.018139842,3.018139842
YUCHEN,5,Pie Chart,87.18884123,88,0.81115877,-0.095174867,2.904825133
Alina,59,Pie Chart,54.2220583,55,0.7779417,-0.147295254,2.852704746
Anna,23,Pie Chart,10.22610927,11,0.77389073,-0.153782344,2.846217656
Anna,18,Pie Chart,14.25225923,15,0.74774077,-0.196374901,2.803625099
lalala,16,Pie Chart,35.68743772,35,0.68743772,-0.299670872,2.700329128
lalala,35,Pie Chart,19.3130721,20,0.6869279,-0.300576475,2.699423525
Alina,42,Pie Chart,70.68255691,70,0.68255691,-0.308364162,2.691635838
hh,28,Pie Chart,0.672744103,0,0.672744103,-0.326002056,2.673997944
Kai,2,Pie Chart,39.3288815,40,0.6711185,-0.328944907,2.671055093
YUCHEN,10,Pie Chart,0.953068271,0.3,0.653068271,-0.362031346,2.637968654
hh,39,Pie Chart,70.59989917,70,0.59989917,-0.464147758,2.535852242
YUCHEN,27,Pie Chart,91.40579179,92,0.59420821,-0.475518605,2.524481395
Anna,16,Pie Chart,10.59028148,10,0.59028148,-0.483417007,2.516582993
test,0,Pie Chart,99.58857463,100,0.41142537,-0.898550624,2.101449376
YUCHEN,14,Pie Chart,30.37794507,30,0.37794507,-0.991527253,2.008472747
Kai,10,Pie Chart,79.72186659,80,0.27813341,-1.310670742,1.689329258
Anna,47,Pie Chart,14.72556502,15,0.27443498,-1.323967414,1.676032586
Anna,29,Pie Chart,75.76425751,76,0.23574249,-1.470958734,1.529041266
Anna,59,Pie Chart,94.85991883,95,0.14008117,-1.915493903,1.084506097
Agnes,3,Pie Chart,84.63859198,90,5.36140802,2.455861918,5.455861918
Agnes,6,Pie Chart,59.17743078,50,9.17743078,3.21760775,6.21760775
Agnes,10,Pie Chart,3.984678271,5,1.015321729,0.189440922,3.189440922
Agnes,12,Pie Chart,54.86573265,45,9.86573265,3.320590479,6.320590479
Agnes,14,Pie Chart,74.29519979,80,5.70480021,2.543446442,5.543446442
Agnes,16,Pie Chart,17.23363828,20,2.76636172,1.531749107,4.531749107
Agnes,17,Pie Chart,27.40132612,20,7.40132612,2.911945804,5.911945804
Agnes,21,Pie Chart,68.6531912,60,8.6531912,3.133923694,6.133923694
Agnes,22,Pie Chart,8.566715811,8,0.566715811,-0.531748661,2.468251339
Agnes,24,Pie Chart,74.10071472,80,5.89928528,2.59079009,5.59079009
Agnes,25,Pie Chart,38.89002655,30,8.89002655,3.172331741,6.172331741
Agnes,28,Pie Chart,53.83772854,50,3.83772854,1.986494141,4.986494141
Agnes,34,Pie Chart,87.15732662,90,2.84267338,1.569332319,4.569332319
Agnes,36,Pie Chart,77.78761406,70,7.78761406,2.984154391,5.984154391
Agnes,41,Pie Chart,84.96311725,95,10.03688275,3.345095818,6.345095818
Agnes,49,Pie Chart,34.09976072,30,4.09976072,2.078869633,5.078869633
Agnes,54,Pie Chart,79.38638822,80,0.61361178,-0.437111823,2.562888177
Agnes,55,Pie Chart,51.03663974,60,8.96336026,3.184020024,6.184020024
Agnes,56,Pie Chart,73.46797611,85,11.53202389,3.543127602,6.543127602
Agnes,59,Pie Chart,3.658770245,5,1.341229755,0.552111188,3.552111188
L,2,Pie Chart,33.9770779,27,6.9770779,2.828241185,5.828241185
L,6,Pie Chart,6.144224754,9,2.855775246,1.575687599,4.575687599
L,7,Pie Chart,29.78284302,30,0.21715698,-1.547269716,1.452730284
L,8,Pie Chart,39.08115684,35,4.08115684,2.072502647,5.072502647
L,13,Pie Chart,25.12362696,23,2.12362696,1.169044342,4.169044342
L,21,Pie Chart,12.33260561,14,1.66739439,0.841888116,3.841888116
L,24,Pie Chart,58.47095583,70,11.52904417,3.542758779,6.542758779
L,26,Pie Chart,89.25629187,95,5.74370813,2.55304296,5.55304296
L,34,Pie Chart,37.92208794,39,1.07791206,0.266531177,3.266531177
L,35,Pie Chart,42.28738632,40,2.28738632,1.270460959,4.270460959
L,36,Pie Chart,64.06698251,80,15.93301749,4.005221885,7.005221885
L,41,Pie Chart,99.05765756,95,4.05765756,2.064419887,5.064419887
L,42,Pie Chart,28.19452992,34,5.80547008,2.568146465,5.568146465
L,43,Pie Chart,60.57414443,88,27.42585557,4.784025216,7.784025216
L,49,Pie Chart,85.77090234,95,9.22909766,3.225598491,6.225598491
L,50,Pie Chart,54.42708658,67,12.57291342,3.666519541,6.666519541
L,53,Pie Chart,40.60771223,46,5.39228777,2.46395923,5.46395923
L,54,Pie Chart,33.30850522,34,0.69149478,-0.292484432,2.707515568
L,55,Pie Chart,33.98776584,38,4.01223416,2.048666614,5.048666614
L,56,Pie Chart,18.39608415,26,7.60391585,2.950266059,5.950266059
